{"info":{"year":2020,"version":"1.0","description":"VIA project exported to COCO format using VGG Image Annotator (http://www.robots.ox.ac.uk/~vgg/software/via/)","contributor":"","url":"http://www.robots.ox.ac.uk/~vgg/software/via/","date_created":"Mon Sep 21 2020 15:53:41 GMT+0530 (India Standard Time)"},"images":[{"id":1,"width":2560,"height":1600,"file_name":"TT-1.jpg","license":0,"date_captured":""},{"id":2,"width":425,"height":285,"file_name":"TT-3.jpg","license":0,"date_captured":""},{"id":3,"width":779,"height":511,"file_name":"TT-4.png","license":0,"date_captured":""},{"id":4,"width":259,"height":194,"file_name":"TT-5.jpg","license":0,"date_captured":""},{"id":5,"width":955,"height":637,"file_name":"TT-6.png","license":0,"date_captured":""},{"id":6,"width":640,"height":474,"file_name":"TT-7.jpg","license":0,"date_captured":""},{"id":7,"width":1024,"height":655,"file_name":"TT-8.jpg","license":0,"date_captured":""},{"id":8,"width":480,"height":268,"file_name":"TT-10.png","license":0,"date_captured":""},{"id":9,"width":1024,"height":683,"file_name":"TT-11.jpg","license":0,"date_captured":""},{"id":10,"width":1024,"height":680,"file_name":"TT-12.jpg","license":0,"date_captured":""},{"id":11,"width":1280,"height":720,"file_name":"TT-13.jpg","license":0,"date_captured":""},{"id":12,"width":352,"height":305,"file_name":"TT-14.jpg","license":0,"date_captured":""},{"id":13,"width":2048,"height":1317,"file_name":"TT-15.jpg","license":0,"date_captured":""},{"id":14,"width":850,"height":850,"file_name":"TT-17.jpg","license":0,"date_captured":""},{"id":15,"width":620,"height":726,"file_name":"TT-18.jpg","license":0,"date_captured":""},{"id":16,"width":759,"height":422,"file_name":"TT-19.png","license":0,"date_captured":""},{"id":17,"width":800,"height":533,"file_name":"TT-20.jpg","license":0,"date_captured":""},{"id":18,"width":950,"height":724,"file_name":"TT-23.jpg","license":0,"date_captured":""},{"id":19,"width":700,"height":525,"file_name":"TT-24.jpg","license":0,"date_captured":""},{"id":20,"width":800,"height":532,"file_name":"TT-25.jpg","license":0,"date_captured":""},{"id":21,"width":992,"height":676,"file_name":"TT-26.jpg","license":0,"date_captured":""},{"id":22,"width":450,"height":600,"file_name":"TT-27.jpeg","license":0,"date_captured":""},{"id":23,"width":1000,"height":662,"file_name":"TT-28.jpg","license":0,"date_captured":""},{"id":24,"width":600,"height":322,"file_name":"TT-29.jpg","license":0,"date_captured":""},{"id":25,"width":1600,"height":1600,"file_name":"TT-30.jpg","license":0,"date_captured":""},{"id":26,"width":450,"height":300,"file_name":"TT-31.jpg","license":0,"date_captured":""},{"id":27,"width":605,"height":590,"file_name":"TT-33.jpg","license":0,"date_captured":""},{"id":28,"width":651,"height":651,"file_name":"TT-34.jpeg","license":0,"date_captured":""},{"id":29,"width":735,"height":429,"file_name":"TT-35.jpg","license":0,"date_captured":""},{"id":30,"width":990,"height":660,"file_name":"TT-36.jpg","license":0,"date_captured":""},{"id":31,"width":782,"height":557,"file_name":"TT-37.jpg","license":0,"date_captured":""},{"id":32,"width":1500,"height":999,"file_name":"TT-38.jpg","license":0,"date_captured":""},{"id":33,"width":3324,"height":2208,"file_name":"TT-39.jpg","license":0,"date_captured":""},{"id":34,"width":2048,"height":1152,"file_name":"TT-40.jpg","license":0,"date_captured":""},{"id":35,"width":236,"height":314,"file_name":"TT-41.jpg","license":0,"date_captured":""},{"id":36,"width":1000,"height":1000,"file_name":"TT-42.jpg","license":0,"date_captured":""},{"id":37,"width":768,"height":768,"file_name":"TT-43.jpg","license":0,"date_captured":""},{"id":38,"width":960,"height":540,"file_name":"TT-44.jpg","license":0,"date_captured":""},{"id":39,"width":3433,"height":3022,"file_name":"TT-45.jpg","license":0,"date_captured":""},{"id":40,"width":600,"height":600,"file_name":"TT-46.jpg","license":0,"date_captured":""},{"id":41,"width":400,"height":300,"file_name":"TT-47.jpg","license":0,"date_captured":""},{"id":42,"width":900,"height":675,"file_name":"TT-48.jpg","license":0,"date_captured":""},{"id":43,"width":633,"height":844,"file_name":"TT-49.jpg","license":0,"date_captured":""},{"id":44,"width":651,"height":651,"file_name":"TT-50.jpeg","license":0,"date_captured":""},{"id":45,"width":474,"height":355,"file_name":"TT-51.jpg","license":0,"date_captured":""},{"id":46,"width":550,"height":830,"file_name":"TT-52.png","license":0,"date_captured":""},{"id":47,"width":3324,"height":2208,"file_name":"TT-53.jpg","license":0,"date_captured":""},{"id":48,"width":500,"height":333,"file_name":"TT-54.jpg","license":0,"date_captured":""},{"id":49,"width":1066,"height":800,"file_name":"TT-55.jpg","license":0,"date_captured":""},{"id":50,"width":735,"height":490,"file_name":"TT-56.jpg","license":0,"date_captured":""},{"id":51,"width":474,"height":355,"file_name":"TT-57.jpg","license":0,"date_captured":""},{"id":52,"width":1000,"height":656,"file_name":"TT-59.png","license":0,"date_captured":""},{"id":53,"width":1000,"height":667,"file_name":"TT-60.jpg","license":0,"date_captured":""},{"id":54,"width":800,"height":600,"file_name":"TT-61.jpg","license":0,"date_captured":""},{"id":55,"width":616,"height":462,"file_name":"TT-62.jpeg","license":0,"date_captured":""},{"id":56,"width":740,"height":493,"file_name":"TT-63.jpg","license":0,"date_captured":""},{"id":57,"width":3264,"height":2448,"file_name":"TT-64.jpg","license":0,"date_captured":""},{"id":58,"width":640,"height":480,"file_name":"TT-65.jpg","license":0,"date_captured":""},{"id":59,"width":981,"height":650,"file_name":"TT-66.png","license":0,"date_captured":""},{"id":60,"width":1500,"height":1001,"file_name":"TT-67.jpg","license":0,"date_captured":""},{"id":61,"width":1500,"height":999,"file_name":"TT-68.jpg","license":0,"date_captured":""},{"id":62,"width":1600,"height":1280,"file_name":"TT-69.jpg","license":0,"date_captured":""},{"id":63,"width":600,"height":800,"file_name":"TT-70.jpg","license":0,"date_captured":""},{"id":64,"width":633,"height":844,"file_name":"TT-71.jpg","license":0,"date_captured":""},{"id":65,"width":1922,"height":711,"file_name":"TT-72.jpg","license":0,"date_captured":""},{"id":66,"width":1300,"height":953,"file_name":"TT-73.jpg","license":0,"date_captured":""},{"id":67,"width":560,"height":372,"file_name":"TT-74.jpg","license":0,"date_captured":""},{"id":68,"width":798,"height":440,"file_name":"TT-75.jpg","license":0,"date_captured":""},{"id":69,"width":1500,"height":480,"file_name":"TT-76.jpg","license":0,"date_captured":""},{"id":70,"width":400,"height":300,"file_name":"TT-77.jpg","license":0,"date_captured":""},{"id":71,"width":626,"height":458,"file_name":"TT-79.jpg","license":0,"date_captured":""},{"id":72,"width":960,"height":720,"file_name":"TT-80.jpg","license":0,"date_captured":""},{"id":73,"width":570,"height":420,"file_name":"TT-81.jpg","license":0,"date_captured":""},{"id":74,"width":2304,"height":1536,"file_name":"TT-82.jpg","license":0,"date_captured":""},{"id":75,"width":4128,"height":2322,"file_name":"TT-83.jpg","license":0,"date_captured":""},{"id":76,"width":1200,"height":900,"file_name":"TT-84.jpg","license":0,"date_captured":""},{"id":77,"width":1222,"height":900,"file_name":"TT-85.jpg","license":0,"date_captured":""},{"id":78,"width":800,"height":800,"file_name":"TT-86.jpg","license":0,"date_captured":""},{"id":79,"width":480,"height":480,"file_name":"TT-87.jpg","license":0,"date_captured":""},{"id":80,"width":608,"height":365,"file_name":"TT-89.jpg","license":0,"date_captured":""},{"id":81,"width":640,"height":639,"file_name":"TT-90.jpg","license":0,"date_captured":""},{"id":82,"width":451,"height":564,"file_name":"TT-91.jpg","license":0,"date_captured":""},{"id":83,"width":900,"height":675,"file_name":"TT-92.jpg","license":0,"date_captured":""},{"id":84,"width":740,"height":493,"file_name":"TT-93.jpg","license":0,"date_captured":""},{"id":85,"width":626,"height":458,"file_name":"TT-94.jpg","license":0,"date_captured":""},{"id":86,"width":1280,"height":720,"file_name":"TT-96.jpg","license":0,"date_captured":""},{"id":87,"width":1675,"height":1050,"file_name":"TT-97.jpg","license":0,"date_captured":""},{"id":88,"width":800,"height":800,"file_name":"TT-98.jpg","license":0,"date_captured":""},{"id":89,"width":800,"height":628,"file_name":"TT-99.jpg","license":0,"date_captured":""},{"id":90,"width":1920,"height":853,"file_name":"TT-100.jpg","license":0,"date_captured":""},{"id":91,"width":880,"height":450,"file_name":"TT-101.jpg","license":0,"date_captured":""},{"id":92,"width":680,"height":680,"file_name":"TT-103.jpg","license":0,"date_captured":""},{"id":93,"width":450,"height":450,"file_name":"TT-105.jpg","license":0,"date_captured":""},{"id":94,"width":236,"height":283,"file_name":"TT-106.jpg","license":0,"date_captured":""},{"id":95,"width":3200,"height":1800,"file_name":"TT-107.jpg","license":0,"date_captured":""},{"id":96,"width":236,"height":283,"file_name":"TT-108.jpg","license":0,"date_captured":""},{"id":97,"width":3200,"height":1800,"file_name":"TT-109.png","license":0,"date_captured":""},{"id":98,"width":291,"height":173,"file_name":"TT-110.jpg","license":0,"date_captured":""}],"annotations":[{"segmentation":[[952,239,713,773,1853,773,1616,239]],"area":608760,"bbox":[713,239,1140,534],"iscrowd":0,"id":1,"image_id":1,"category_id":1},{"segmentation":[[362,281,423,203,423,136,306,128,138,187,164,187,179,201,179,211,161,211,149,200,145,204,130,206,122,200,101,211]],"area":49266,"bbox":[101,128,322,153],"iscrowd":0,"id":2,"image_id":2,"category_id":1},{"segmentation":[[88,125,264,380,751,308,389,108]],"area":180336,"bbox":[88,108,663,272],"iscrowd":0,"id":3,"image_id":3,"category_id":1},{"segmentation":[[2,116,184,136,194,98,51,88,1,109]],"area":9264,"bbox":[1,88,193,48],"iscrowd":0,"id":4,"image_id":4,"category_id":1},{"segmentation":[[98,72,193,75,198,67,115,64,98,71]],"area":1100,"bbox":[98,64,100,11],"iscrowd":0,"id":5,"image_id":4,"category_id":1},{"segmentation":[[156,362,457,321,953,389,954,446,926,473,516,475]],"area":122892,"bbox":[156,321,798,154],"iscrowd":0,"id":6,"image_id":5,"category_id":1},{"segmentation":[[4,366,2,464,159,467,597,377,305,202,78,221]],"area":157675,"bbox":[2,202,595,265],"iscrowd":0,"id":7,"image_id":6,"category_id":1},{"segmentation":[[114,148,57,173,428,174,373,149]],"area":9646,"bbox":[57,148,371,26],"iscrowd":0,"id":8,"image_id":8,"category_id":1},{"segmentation":[[30,318,407,506,698,509,782,186,533,165]],"area":258688,"bbox":[30,165,752,344],"iscrowd":0,"id":9,"image_id":9,"category_id":1},{"segmentation":[[45,360,616,416,772,246,482,237]],"area":130133,"bbox":[45,237,727,179],"iscrowd":0,"id":10,"image_id":10,"category_id":1},{"segmentation":[[209,472,1011,467,898,390,343,396]],"area":65764,"bbox":[209,390,802,82],"iscrowd":0,"id":11,"image_id":11,"category_id":1},{"segmentation":[[877,359,834,335,480,336,437,362]],"area":11880,"bbox":[437,335,440,27],"iscrowd":0,"id":12,"image_id":11,"category_id":1},{"segmentation":[[491,318,777,317,760,305,511,306]],"area":3718,"bbox":[491,305,286,13],"iscrowd":0,"id":13,"image_id":11,"category_id":1},{"segmentation":[[10,216,345,175,237,142,15,150]],"area":24790,"bbox":[10,142,335,74],"iscrowd":0,"id":14,"image_id":12,"category_id":1},{"segmentation":[[26,113,22,123,175,122,147,113]],"area":1530,"bbox":[22,113,153,10],"iscrowd":0,"id":15,"image_id":12,"category_id":1},{"segmentation":[[120,105,110,101,36,97,30,104]],"area":720,"bbox":[30,97,90,8],"iscrowd":0,"id":16,"image_id":12,"category_id":1},{"segmentation":[[649,775,875,773,912,766,918,683,949,664,997,675,1010,710,1008,742,1029,770,1430,770,1338,363,666,366]],"area":321772,"bbox":[649,363,781,412],"iscrowd":0,"id":17,"image_id":13,"category_id":1},{"segmentation":[[4,335,296,431,845,265,548,214]],"area":182497,"bbox":[4,214,841,217],"iscrowd":0,"id":18,"image_id":14,"category_id":1},{"segmentation":[[20,319,183,418,558,376,589,125,326,132,319,308]],"area":166717,"bbox":[20,125,569,293],"iscrowd":0,"id":19,"image_id":15,"category_id":1},{"segmentation":[[126,240,266,420,640,420,757,420,758,338,458,220]],"area":126400,"bbox":[126,220,632,200],"iscrowd":0,"id":20,"image_id":16,"category_id":1},{"segmentation":[[31,250,501,334,654,172,405,153]],"area":112763,"bbox":[31,153,623,181],"iscrowd":0,"id":21,"image_id":17,"category_id":1},{"segmentation":[[214,520,451,686,924,591,512,491]],"area":138450,"bbox":[214,491,710,195],"iscrowd":0,"id":22,"image_id":18,"category_id":1},{"segmentation":[[169,267,316,377,547,315,319,252]],"area":47250,"bbox":[169,252,378,125],"iscrowd":0,"id":23,"image_id":19,"category_id":1},{"segmentation":[[119,153,353,304,765,245,372,157]],"area":97546,"bbox":[119,153,646,151],"iscrowd":0,"id":24,"image_id":20,"category_id":1},{"segmentation":[[207,346,650,399,835,289,538,260]],"area":87292,"bbox":[207,260,628,139],"iscrowd":0,"id":25,"image_id":21,"category_id":1},{"segmentation":[[3,379,2,435,290,555,411,357,430,172,157,171,161,312]],"area":164352,"bbox":[2,171,428,384],"iscrowd":0,"id":26,"image_id":22,"category_id":1},{"segmentation":[[31,292,317,479,962,232,635,176]],"area":282093,"bbox":[31,176,931,303],"iscrowd":0,"id":27,"image_id":23,"category_id":1},{"segmentation":[[60,131,287,162,518,100,328,86]],"area":34808,"bbox":[60,86,458,76],"iscrowd":0,"id":28,"image_id":24,"category_id":1},{"segmentation":[[20,794,586,735,832,878,799,952,814,1004,868,1027,945,983,986,937,991,891,975,957,1229,1083,1231,1193,302,1196]],"area":558271,"bbox":[20,735,1211,461],"iscrowd":0,"id":29,"image_id":25,"category_id":1},{"segmentation":[[32,139,316,251,424,99,279,82]],"area":66248,"bbox":[32,82,392,169],"iscrowd":0,"id":30,"image_id":26,"category_id":1},{"segmentation":[[2,297,603,300,486,221,117,219]],"area":48681,"bbox":[2,219,601,81],"iscrowd":0,"id":31,"image_id":27,"category_id":1},{"segmentation":[[3,423,71,487,549,486,616,476,250,398]],"area":54557,"bbox":[3,398,613,89],"iscrowd":0,"id":32,"image_id":28,"category_id":1},{"segmentation":[[277,310,627,397,687,270,492,252]],"area":59450,"bbox":[277,252,410,145],"iscrowd":0,"id":33,"image_id":29,"category_id":1},{"segmentation":[[140,338,438,417,787,362,392,327]],"area":58230,"bbox":[140,327,647,90],"iscrowd":0,"id":34,"image_id":30,"category_id":1},{"segmentation":[[194,476,669,370,463,341,390,350,296,363,277,366,254,370,227,377,213,373,132,392,106,387,94,389,91,414,95,422]],"area":78030,"bbox":[91,341,578,135],"iscrowd":0,"id":35,"image_id":31,"category_id":1},{"segmentation":[[446,635,742,819,1267,587,959,550]],"area":220849,"bbox":[446,550,821,269],"iscrowd":0,"id":36,"image_id":32,"category_id":1},{"segmentation":[[901,1180,1840,1650,2921,1650,3317,1462,1703,1077]],"area":1384368,"bbox":[901,1077,2416,573],"iscrowd":0,"id":37,"image_id":33,"category_id":1},{"segmentation":[[157,773,755,942,1523,631,1029,592]],"area":478100,"bbox":[157,592,1366,350],"iscrowd":0,"id":38,"image_id":34,"category_id":1},{"segmentation":[[2,223,128,244,185,189,108,183]],"area":11163,"bbox":[2,183,183,61],"iscrowd":0,"id":39,"image_id":35,"category_id":1},{"segmentation":[[3,282,555,683,995,522,997,354,448,234]],"area":446306,"bbox":[3,234,994,449],"iscrowd":0,"id":40,"image_id":36,"category_id":1},{"segmentation":[[106,343,555,435,619,361,618,326,251,269,107,340]],"area":85158,"bbox":[106,269,513,166],"iscrowd":0,"id":41,"image_id":37,"category_id":1},{"segmentation":[[71,349,201,382,258,394,559,474,629,476,801,359,716,347,704,367,676,368,670,347,670,345,511,324,332,305]],"area":124830,"bbox":[71,305,730,171],"iscrowd":0,"id":42,"image_id":38,"category_id":1},{"segmentation":[[150,1721,720,2263,3331,1683,2258,1470]],"area":2522533,"bbox":[150,1470,3181,793],"iscrowd":0,"id":43,"image_id":39,"category_id":1},{"segmentation":[[16,284,238,357,584,259,381,230]],"area":72136,"bbox":[16,230,568,127],"iscrowd":0,"id":44,"image_id":40,"category_id":1},{"segmentation":[[3,164,2,177,104,202,332,188,209,172,127,161]],"area":13530,"bbox":[2,161,330,41],"iscrowd":0,"id":45,"image_id":41,"category_id":1},{"segmentation":[[188,351,690,466,875,381,413,320]],"area":100302,"bbox":[188,320,687,146],"iscrowd":0,"id":46,"image_id":42,"category_id":1},{"segmentation":[[23,478,157,601,630,486,630,425,529,406]],"area":118365,"bbox":[23,406,607,195],"iscrowd":0,"id":47,"image_id":43,"category_id":1},{"segmentation":[[2,416,249,397,618,476,564,486,356,487,69,486,1,424]],"area":55530,"bbox":[1,397,617,90],"iscrowd":0,"id":48,"image_id":44,"category_id":1},{"segmentation":[[24,179,262,282,397,212,164,164]],"area":44014,"bbox":[24,164,373,118],"iscrowd":0,"id":49,"image_id":45,"category_id":1},{"segmentation":[[64,598,197,620,547,620,549,414,328,395]],"area":109125,"bbox":[64,395,485,225],"iscrowd":0,"id":50,"image_id":46,"category_id":1},{"segmentation":[[897,1173,1844,1646,2925,1650,3320,1459,1706,1074]],"area":1395648,"bbox":[897,1074,2423,576],"iscrowd":0,"id":51,"image_id":47,"category_id":1},{"segmentation":[[57,216,118,330,477,280,241,204]],"area":52920,"bbox":[57,204,420,126],"iscrowd":0,"id":52,"image_id":48,"category_id":1},{"segmentation":[[498,237,499,195,482,191,344,200]],"area":7130,"bbox":[344,191,155,46],"iscrowd":0,"id":53,"image_id":48,"category_id":1},{"segmentation":[[209,494,710,656,779,655,1063,612,1063,531,635,457]],"area":169946,"bbox":[209,457,854,199],"iscrowd":0,"id":54,"image_id":49,"category_id":1},{"segmentation":[[166,296,288,411,575,279,418,245]],"area":67894,"bbox":[166,245,409,166],"iscrowd":0,"id":55,"image_id":50,"category_id":1},{"segmentation":[[356,236,295,222,105,240,128,267]],"area":11295,"bbox":[105,222,251,45],"iscrowd":0,"id":56,"image_id":50,"category_id":1},{"segmentation":[[507,210,654,222,660,215,547,206]],"area":2448,"bbox":[507,206,153,16],"iscrowd":0,"id":57,"image_id":50,"category_id":1},{"segmentation":[[24,179,261,282,396,210,161,163]],"area":44268,"bbox":[24,163,372,119],"iscrowd":0,"id":58,"image_id":51,"category_id":1},{"segmentation":[[217,382,697,462,852,396,423,354]],"area":68580,"bbox":[217,354,635,108],"iscrowd":0,"id":59,"image_id":52,"category_id":1},{"segmentation":[[230,332,261,391,654,337,506,310]],"area":34344,"bbox":[230,310,424,81],"iscrowd":0,"id":60,"image_id":54,"category_id":1},{"segmentation":[[119,255,560,258,413,181,273,181]],"area":33957,"bbox":[119,181,441,77],"iscrowd":0,"id":61,"image_id":55,"category_id":1},{"segmentation":[[35,450,695,450,477,296,255,295]],"area":102300,"bbox":[35,295,660,155],"iscrowd":0,"id":62,"image_id":56,"category_id":1},{"segmentation":[[16,929,4,929,0,991,1881,1669,2696,1074,909,748]],"area":2483016,"bbox":[0,748,2696,921],"iscrowd":0,"id":63,"image_id":57,"category_id":1},{"segmentation":[[2727,780,1352,615,1787,533,2994,631]],"area":405574,"bbox":[1352,533,1642,247],"iscrowd":0,"id":64,"image_id":57,"category_id":1},{"segmentation":[[6,258,2,259,1,338,101,468,154,467,638,233,638,227,408,183]],"area":181545,"bbox":[1,183,637,285],"iscrowd":0,"id":65,"image_id":58,"category_id":1},{"segmentation":[[224,387,738,391,555,300,406,300,361,325,229,386]],"area":46774,"bbox":[224,300,514,91],"iscrowd":0,"id":66,"image_id":59,"category_id":1},{"segmentation":[[370,472,303,994,370,999,1390,751,687,451]],"area":595676,"bbox":[303,451,1087,548],"iscrowd":0,"id":67,"image_id":60,"category_id":1},{"segmentation":[[445,632,742,814,1265,587,959,550]],"area":216480,"bbox":[445,550,820,264],"iscrowd":0,"id":68,"image_id":61,"category_id":1},{"segmentation":[[305,1276,910,1276,1387,1106,785,778,447,799]],"area":538836,"bbox":[305,778,1082,498],"iscrowd":0,"id":69,"image_id":62,"category_id":1},{"segmentation":[[32,519,-1,557,1,647,599,603,600,564,490,495]],"area":91352,"bbox":[-1,495,601,152],"iscrowd":0,"id":70,"image_id":63,"category_id":1},{"segmentation":[[20,476,157,601,630,485,632,428,525,406]],"area":119340,"bbox":[20,406,612,195],"iscrowd":0,"id":71,"image_id":64,"category_id":1},{"segmentation":[[251,251,974,415,1626,319,786,214]],"area":276375,"bbox":[251,214,1375,201],"iscrowd":0,"id":72,"image_id":65,"category_id":1},{"segmentation":[[3,485,2,497,475,636,1209,424,768,370]],"area":321062,"bbox":[2,370,1207,266],"iscrowd":0,"id":73,"image_id":66,"category_id":1},{"segmentation":[[1132,280,1007,294,716,273,709,262,774,258]],"area":15228,"bbox":[709,258,423,36],"iscrowd":0,"id":74,"image_id":66,"category_id":1},{"segmentation":[[2,140,264,193,554,144,557,135,361,125]],"area":37740,"bbox":[2,125,555,68],"iscrowd":0,"id":75,"image_id":67,"category_id":1},{"segmentation":[[40,165,653,234,753,153,244,114]],"area":85560,"bbox":[40,114,713,120],"iscrowd":0,"id":76,"image_id":68,"category_id":1},{"segmentation":[[426,171,1317,91,1017,59,204,100]],"area":124656,"bbox":[204,59,1113,112],"iscrowd":0,"id":77,"image_id":69,"category_id":1},{"segmentation":[[5,170,1,173,1,220,374,357,623,137,624,86,397,67]],"area":180670,"bbox":[1,67,623,290],"iscrowd":0,"id":78,"image_id":71,"category_id":1},{"segmentation":[[135,338,615,517,925,250,612,204]],"area":247270,"bbox":[135,204,790,313],"iscrowd":0,"id":79,"image_id":72,"category_id":1},{"segmentation":[[26,173,351,237,564,115,350,100]],"area":73706,"bbox":[26,100,538,137],"iscrowd":0,"id":80,"image_id":73,"category_id":1},{"segmentation":[[29,332,1754,801,2297,599,2297,427,892,233]],"area":1288224,"bbox":[29,233,2268,568],"iscrowd":0,"id":81,"image_id":74,"category_id":1},{"segmentation":[[105,597,2887,1540,4093,807,1492,382]],"area":4618104,"bbox":[105,382,3988,1158],"iscrowd":0,"id":82,"image_id":75,"category_id":1},{"segmentation":[[6,455,823,353,1196,471,1199,500,454,709,4,710]],"area":426615,"bbox":[4,353,1195,357],"iscrowd":0,"id":83,"image_id":76,"category_id":1},{"segmentation":[[62,466,117,645,1202,488,839,404]],"area":274740,"bbox":[62,404,1140,241],"iscrowd":0,"id":84,"image_id":77,"category_id":1},{"segmentation":[[17,311,362,494,800,253,515,192]],"area":236466,"bbox":[17,192,783,302],"iscrowd":0,"id":85,"image_id":78,"category_id":1},{"segmentation":[[36,107,326,211,445,134,172,72]],"area":56851,"bbox":[36,72,409,139],"iscrowd":0,"id":86,"image_id":79,"category_id":1},{"segmentation":[[7,135,329,153,602,95,344,85,6,131,5,133]],"area":40596,"bbox":[5,85,597,68],"iscrowd":0,"id":87,"image_id":80,"category_id":1},{"segmentation":[[8,194,269,132,623,360,337,504,221,504]],"area":228780,"bbox":[8,132,615,372],"iscrowd":0,"id":88,"image_id":81,"category_id":1},{"segmentation":[[289,410,448,203,448,182,449,89,225,77,1,172,2,327]],"area":149184,"bbox":[1,77,448,333],"iscrowd":0,"id":89,"image_id":82,"category_id":1},{"segmentation":[[81,296,397,436,426,440,801,347,796,340,371,259,86,291]],"area":130320,"bbox":[81,259,720,181],"iscrowd":0,"id":90,"image_id":83,"category_id":1},{"segmentation":[[35,451,697,451,478,296,255,296]],"area":102610,"bbox":[35,296,662,155],"iscrowd":0,"id":91,"image_id":84,"category_id":1},{"segmentation":[[13,218,400,274,619,132,389,134]],"area":86052,"bbox":[13,132,606,142],"iscrowd":0,"id":92,"image_id":85,"category_id":1},{"segmentation":[[127,199,869,390,1266,264,505,146,177,177,159,197,129,199]],"area":277916,"bbox":[127,146,1139,244],"iscrowd":0,"id":93,"image_id":86,"category_id":1},{"segmentation":[[57,352,356,538,1579,297,1057,244]],"area":447468,"bbox":[57,244,1522,294],"iscrowd":0,"id":94,"image_id":87,"category_id":1},{"segmentation":[[28,317,338,380,774,264,490,228]],"area":113392,"bbox":[28,228,746,152],"iscrowd":0,"id":95,"image_id":88,"category_id":1},{"segmentation":[[255,220,902,326,1689,169,1147,139]],"area":268158,"bbox":[255,139,1434,187],"iscrowd":0,"id":96,"image_id":90,"category_id":1},{"segmentation":[[7,113,1,115,1,310,578,382,877,199,879,86,297,39]],"area":301154,"bbox":[1,39,878,343],"iscrowd":0,"id":97,"image_id":91,"category_id":1},{"segmentation":[[979,663,898,1088,2176,1092,2088,663]],"area":548262,"bbox":[898,663,1278,429],"iscrowd":0,"id":98,"image_id":95,"category_id":1}],"licenses":[{"id":0,"name":"Unknown License","url":""}],"categories":[{"supercategory":"type","id":1,"name":"table"}]}