{"TT-1.jpg467435":{"filename":"TT-1.jpg","size":467435,"regions":[{"shape_attributes":{"name":"polygon","all_points_x":[952,713,1853,1616],"all_points_y":[239,773,773,239]},"region_attributes":{"type":"1","image_quality":{"good":true,"frontal":true,"good_illumination":true},"table":"not_defined"}}],"file_attributes":{"caption":"","public_domain":"no","image_url":""}},"TT-3.jpg23559":{"filename":"TT-3.jpg","size":23559,"regions":[{"shape_attributes":{"name":"polygon","all_points_x":[362,423,423,306,138,164,179,179,161,149,145,130,122,101],"all_points_y":[281,203,136,128,187,187,201,211,211,200,204,206,200,211]},"region_attributes":{"type":"1","image_quality":{"good":true,"frontal":true,"good_illumination":true},"":"not_defined"}}],"file_attributes":{"caption":"","public_domain":"no","image_url":""}},"TT-4.png630399":{"filename":"TT-4.png","size":630399,"regions":[{"shape_attributes":{"name":"polygon","all_points_x":[88,264,751,389],"all_points_y":[125,380,308,108]},"region_attributes":{"type":"1","image_quality":{"good":true,"frontal":true,"good_illumination":true},"":"not_defined"}}],"file_attributes":{"caption":"","public_domain":"no","image_url":""}},"TT-5.jpg9867":{"filename":"TT-5.jpg","size":9867,"regions":[{"shape_attributes":{"name":"polygon","all_points_x":[2,184,194,51,1],"all_points_y":[116,136,98,88,109]},"region_attributes":{"type":"1","image_quality":{"good":true,"frontal":true,"good_illumination":true},"":"not_defined"}},{"shape_attributes":{"name":"polygon","all_points_x":[98,193,198,115,98],"all_points_y":[72,75,67,64,71]},"region_attributes":{"type":"1","image_quality":{"good":true,"frontal":true,"good_illumination":true},"":"not_defined"}}],"file_attributes":{"caption":"","public_domain":"no","image_url":""}},"TT-6.png823890":{"filename":"TT-6.png","size":823890,"regions":[{"shape_attributes":{"name":"polygon","all_points_x":[156,457,953,954,926,516],"all_points_y":[362,321,389,446,473,475]},"region_attributes":{"type":"1","image_quality":{"good":true,"frontal":true,"good_illumination":true},"":"not_defined"}}],"file_attributes":{"caption":"","public_domain":"no","image_url":""}},"TT-7.jpg60410":{"filename":"TT-7.jpg","size":60410,"regions":[{"shape_attributes":{"name":"polygon","all_points_x":[4,2,159,597,305,78],"all_points_y":[366,464,467,377,202,221]},"region_attributes":{"type":"1","image_quality":{"good":true,"frontal":true,"good_illumination":true},"":"not_defined"}}],"file_attributes":{"caption":"","public_domain":"no","image_url":""}},"TT-8.jpg93441":{"filename":"TT-8.jpg","size":93441,"regions":[{"shape_attributes":{"name":"polygon","all_points_x":[40,566,975,380],"all_points_y":[119,380,225,86]},"region_attributes":{"type":"table","image_quality":{"good":true,"frontal":true,"good_illumination":true},"":"not_defined"}}],"file_attributes":{"caption":"","public_domain":"no","image_url":""}},"TT-10.png129281":{"filename":"TT-10.png","size":129281,"regions":[{"shape_attributes":{"name":"polygon","all_points_x":[114,57,428,373],"all_points_y":[148,173,174,149]},"region_attributes":{"type":"1","image_quality":{"good":true,"frontal":true,"good_illumination":true},"":"not_defined"}}],"file_attributes":{"caption":"","public_domain":"no","image_url":""}},"TT-11.jpg90314":{"filename":"TT-11.jpg","size":90314,"regions":[{"shape_attributes":{"name":"polygon","all_points_x":[30,407,698,782,533],"all_points_y":[318,506,509,186,165]},"region_attributes":{"type":"1","image_quality":{"good":true,"frontal":true,"good_illumination":true},"":"not_defined"}}],"file_attributes":{"caption":"","public_domain":"no","image_url":""}},"TT-12.jpg77954":{"filename":"TT-12.jpg","size":77954,"regions":[{"shape_attributes":{"name":"polygon","all_points_x":[45,616,772,482],"all_points_y":[360,416,246,237]},"region_attributes":{"type":"1","image_quality":{"good":true,"frontal":true,"good_illumination":true},"":"not_defined"}}],"file_attributes":{"caption":"","public_domain":"no","image_url":""}},"TT-13.jpg144897":{"filename":"TT-13.jpg","size":144897,"regions":[{"shape_attributes":{"name":"polygon","all_points_x":[209,1011,898,343],"all_points_y":[472,467,390,396]},"region_attributes":{"type":"1","image_quality":{"good":true,"frontal":true,"good_illumination":true},"":"not_defined"}},{"shape_attributes":{"name":"polygon","all_points_x":[877,834,480,437],"all_points_y":[359,335,336,362]},"region_attributes":{"type":"1","image_quality":{"good":true,"frontal":true,"good_illumination":true},"":"not_defined"}},{"shape_attributes":{"name":"polygon","all_points_x":[491,777,760,511],"all_points_y":[318,317,305,306]},"region_attributes":{"type":"1","image_quality":{"good":true,"frontal":true,"good_illumination":true},"":"not_defined"}}],"file_attributes":{"caption":"","public_domain":"no","image_url":""}},"TT-14.jpg35183":{"filename":"TT-14.jpg","size":35183,"regions":[{"shape_attributes":{"name":"polygon","all_points_x":[10,345,237,15],"all_points_y":[216,175,142,150]},"region_attributes":{"type":"1","image_quality":{"good":true,"frontal":true,"good_illumination":true},"":"not_defined"}},{"shape_attributes":{"name":"polygon","all_points_x":[26,22,175,147],"all_points_y":[113,123,122,113]},"region_attributes":{"type":"1","image_quality":{"good":true,"frontal":true,"good_illumination":true},"":"not_defined"}},{"shape_attributes":{"name":"polygon","all_points_x":[120,110,36,30],"all_points_y":[105,101,97,104]},"region_attributes":{"type":"1","image_quality":{"good":true,"frontal":true,"good_illumination":true},"":"not_defined"}}],"file_attributes":{"caption":"","public_domain":"no","image_url":""}},"TT-15.jpg240850":{"filename":"TT-15.jpg","size":240850,"regions":[{"shape_attributes":{"name":"polygon","all_points_x":[649,875,912,918,949,997,1010,1008,1029,1430,1338,666],"all_points_y":[775,773,766,683,664,675,710,742,770,770,363,366]},"region_attributes":{"type":"1","image_quality":{"good":true,"frontal":true,"good_illumination":true},"":"not_defined"}}],"file_attributes":{"caption":"","public_domain":"no","image_url":""}},"TT-17.jpg42332":{"filename":"TT-17.jpg","size":42332,"regions":[{"shape_attributes":{"name":"polygon","all_points_x":[4,296,845,548],"all_points_y":[335,431,265,214]},"region_attributes":{"type":"1","image_quality":{"good":true,"frontal":true,"good_illumination":true},"":"not_defined"}}],"file_attributes":{"caption":"","public_domain":"no","image_url":""}},"TT-18.jpg27208":{"filename":"TT-18.jpg","size":27208,"regions":[{"shape_attributes":{"name":"polygon","all_points_x":[20,183,558,589,326,319],"all_points_y":[319,418,376,125,132,308]},"region_attributes":{"type":"1","image_quality":{"good":true,"frontal":true,"good_illumination":true},"":"not_defined"}}],"file_attributes":{"caption":"","public_domain":"no","image_url":""}},"TT-19.png276223":{"filename":"TT-19.png","size":276223,"regions":[{"shape_attributes":{"name":"polygon","all_points_x":[126,266,640,757,758,458],"all_points_y":[240,420,420,420,338,220]},"region_attributes":{"type":"1","image_quality":{"good":true,"frontal":true,"good_illumination":true},"":"not_defined"}}],"file_attributes":{"caption":"","public_domain":"no","image_url":""}},"TT-20.jpg70154":{"filename":"TT-20.jpg","size":70154,"regions":[{"shape_attributes":{"name":"polygon","all_points_x":[31,501,654,405],"all_points_y":[250,334,172,153]},"region_attributes":{"type":"1","image_quality":{"good":true,"frontal":true,"good_illumination":true},"":"not_defined"}}],"file_attributes":{"caption":"","public_domain":"no","image_url":""}},"TT-23.jpg218062":{"filename":"TT-23.jpg","size":218062,"regions":[{"shape_attributes":{"name":"polygon","all_points_x":[214,451,924,512],"all_points_y":[520,686,591,491]},"region_attributes":{"type":"1","image_quality":{"good":true,"frontal":true,"good_illumination":true},"":"not_defined"}}],"file_attributes":{"caption":"","public_domain":"no","image_url":""}},"TT-24.jpg61393":{"filename":"TT-24.jpg","size":61393,"regions":[{"shape_attributes":{"name":"polygon","all_points_x":[169,316,547,319],"all_points_y":[267,377,315,252]},"region_attributes":{"type":"1","image_quality":{"good":true,"frontal":true,"good_illumination":true},"":"not_defined"}}],"file_attributes":{"caption":"","public_domain":"no","image_url":""}},"TT-25.jpg78530":{"filename":"TT-25.jpg","size":78530,"regions":[{"shape_attributes":{"name":"polygon","all_points_x":[119,353,765,372],"all_points_y":[153,304,245,157]},"region_attributes":{"type":"1","image_quality":{"good":true,"frontal":true,"good_illumination":true},"":"not_defined"}}],"file_attributes":{"caption":"","public_domain":"no","image_url":""}},"TT-26.jpg174833":{"filename":"TT-26.jpg","size":174833,"regions":[{"shape_attributes":{"name":"polygon","all_points_x":[207,650,835,538],"all_points_y":[346,399,289,260]},"region_attributes":{"type":"1","image_quality":{"good":true,"frontal":true,"good_illumination":true},"":"not_defined"}}],"file_attributes":{"caption":"","public_domain":"no","image_url":""}},"TT-27.jpeg87544":{"filename":"TT-27.jpeg","size":87544,"regions":[{"shape_attributes":{"name":"polygon","all_points_x":[3,2,290,411,430,157,161],"all_points_y":[379,435,555,357,172,171,312]},"region_attributes":{"type":"1","image_quality":{"good":true,"frontal":true,"good_illumination":true},"":"not_defined"}}],"file_attributes":{"caption":"","public_domain":"no","image_url":""}},"TT-28.jpg403786":{"filename":"TT-28.jpg","size":403786,"regions":[{"shape_attributes":{"name":"polygon","all_points_x":[31,317,962,635],"all_points_y":[292,479,232,176]},"region_attributes":{"type":"1","image_quality":{"good":true,"frontal":true,"good_illumination":true},"":"not_defined"}}],"file_attributes":{"caption":"","public_domain":"no","image_url":""}},"TT-29.jpg26919":{"filename":"TT-29.jpg","size":26919,"regions":[{"shape_attributes":{"name":"polygon","all_points_x":[60,287,518,328],"all_points_y":[131,162,100,86]},"region_attributes":{"type":"1","image_quality":{"good":true,"frontal":true,"good_illumination":true},"":"not_defined"}}],"file_attributes":{"caption":"","public_domain":"no","image_url":""}},"TT-30.jpg223102":{"filename":"TT-30.jpg","size":223102,"regions":[{"shape_attributes":{"name":"polygon","all_points_x":[20,586,832,799,814,868,945,986,991,975,1229,1231,302],"all_points_y":[794,735,878,952,1004,1027,983,937,891,957,1083,1193,1196]},"region_attributes":{"type":"1","image_quality":{"good":true,"frontal":true,"good_illumination":true},"":"not_defined"}}],"file_attributes":{"caption":"","public_domain":"no","image_url":""}},"TT-31.jpg31782":{"filename":"TT-31.jpg","size":31782,"regions":[{"shape_attributes":{"name":"polygon","all_points_x":[32,316,424,279],"all_points_y":[139,251,99,82]},"region_attributes":{"type":"1","image_quality":{"good":true,"frontal":true,"good_illumination":true},"":"not_defined"}}],"file_attributes":{"caption":"","public_domain":"no","image_url":""}},"TT-33.jpg61411":{"filename":"TT-33.jpg","size":61411,"regions":[{"shape_attributes":{"name":"polygon","all_points_x":[2,603,486,117],"all_points_y":[297,300,221,219]},"region_attributes":{"type":"1","image_quality":{"good":true,"frontal":true,"good_illumination":true},"":"not_defined"}}],"file_attributes":{"caption":"","public_domain":"no","image_url":""}},"TT-34.jpeg57967":{"filename":"TT-34.jpeg","size":57967,"regions":[{"shape_attributes":{"name":"polygon","all_points_x":[3,71,549,616,250],"all_points_y":[423,487,486,476,398]},"region_attributes":{"type":"1","image_quality":{"good":true,"frontal":true,"good_illumination":true},"":"not_defined"}}],"file_attributes":{"caption":"","public_domain":"no","image_url":""}},"TT-35.jpg42894":{"filename":"TT-35.jpg","size":42894,"regions":[{"shape_attributes":{"name":"polygon","all_points_x":[277,627,687,492],"all_points_y":[310,397,270,252]},"region_attributes":{"type":"1","image_quality":{"good":true,"frontal":true,"good_illumination":true},"":"not_defined"}}],"file_attributes":{"caption":"","public_domain":"no","image_url":""}},"TT-36.jpg113139":{"filename":"TT-36.jpg","size":113139,"regions":[{"shape_attributes":{"name":"polygon","all_points_x":[140,438,787,392],"all_points_y":[338,417,362,327]},"region_attributes":{"type":"1","image_quality":{"good":true,"frontal":true,"good_illumination":true},"":"not_defined"}}],"file_attributes":{"caption":"","public_domain":"no","image_url":""}},"TT-37.jpg76334":{"filename":"TT-37.jpg","size":76334,"regions":[{"shape_attributes":{"name":"polygon","all_points_x":[194,669,463,390,296,277,254,227,213,132,106,94,91,95],"all_points_y":[476,370,341,350,363,366,370,377,373,392,387,389,414,422]},"region_attributes":{"type":"1","image_quality":{"good":true,"frontal":true,"good_illumination":true},"":"not_defined"}}],"file_attributes":{"caption":"","public_domain":"no","image_url":""}},"TT-38.jpg103167":{"filename":"TT-38.jpg","size":103167,"regions":[{"shape_attributes":{"name":"polygon","all_points_x":[446,742,1267,959],"all_points_y":[635,819,587,550]},"region_attributes":{"type":"1","image_quality":{"good":true,"frontal":true,"good_illumination":true},"":"not_defined"}}],"file_attributes":{"caption":"","public_domain":"no","image_url":""}},"TT-39.jpg1686048":{"filename":"TT-39.jpg","size":1686048,"regions":[{"shape_attributes":{"name":"polygon","all_points_x":[901,1840,2921,3317,1703],"all_points_y":[1180,1650,1650,1462,1077]},"region_attributes":{"type":"1","image_quality":{"good":true,"frontal":true,"good_illumination":true},"":"not_defined"}}],"file_attributes":{"caption":"","public_domain":"no","image_url":""}},"TT-40.jpg331195":{"filename":"TT-40.jpg","size":331195,"regions":[{"shape_attributes":{"name":"polygon","all_points_x":[157,755,1523,1029],"all_points_y":[773,942,631,592]},"region_attributes":{"type":"1","image_quality":{"good":true,"frontal":true,"good_illumination":true},"":"not_defined"}}],"file_attributes":{"caption":"","public_domain":"no","image_url":""}},"TT-41.jpg15643":{"filename":"TT-41.jpg","size":15643,"regions":[{"shape_attributes":{"name":"polygon","all_points_x":[2,128,185,108],"all_points_y":[223,244,189,183]},"region_attributes":{"type":"1","image_quality":{"good":true,"frontal":true,"good_illumination":true},"":"not_defined"}}],"file_attributes":{"caption":"","public_domain":"no","image_url":""}},"TT-42.jpg137478":{"filename":"TT-42.jpg","size":137478,"regions":[{"shape_attributes":{"name":"polygon","all_points_x":[3,555,995,997,448],"all_points_y":[282,683,522,354,234]},"region_attributes":{"type":"1","image_quality":{"good":true,"frontal":true,"good_illumination":true},"":"not_defined"}}],"file_attributes":{"caption":"","public_domain":"no","image_url":""}},"TT-43.jpg41024":{"filename":"TT-43.jpg","size":41024,"regions":[{"shape_attributes":{"name":"polygon","all_points_x":[106,555,619,618,251,107],"all_points_y":[343,435,361,326,269,340]},"region_attributes":{"type":"1","image_quality":{"good":true,"frontal":true,"good_illumination":true},"":"not_defined"}}],"file_attributes":{"caption":"","public_domain":"no","image_url":""}},"TT-44.jpg88272":{"filename":"TT-44.jpg","size":88272,"regions":[{"shape_attributes":{"name":"polygon","all_points_x":[71,201,258,559,629,801,716,704,676,670,670,511,332],"all_points_y":[349,382,394,474,476,359,347,367,368,347,345,324,305]},"region_attributes":{"type":"1","image_quality":{"good":true,"frontal":true,"good_illumination":true},"":"not_defined"}}],"file_attributes":{"caption":"","public_domain":"no","image_url":""}},"TT-45.jpg1698625":{"filename":"TT-45.jpg","size":1698625,"regions":[{"shape_attributes":{"name":"polygon","all_points_x":[150,720,3331,2258],"all_points_y":[1721,2263,1683,1470]},"region_attributes":{"type":"1","image_quality":{"good":true,"frontal":true,"good_illumination":true},"":"not_defined"}}],"file_attributes":{"caption":"","public_domain":"no","image_url":""}},"TT-46.jpg113490":{"filename":"TT-46.jpg","size":113490,"regions":[{"shape_attributes":{"name":"polygon","all_points_x":[16,238,584,381],"all_points_y":[284,357,259,230]},"region_attributes":{"type":"1","image_quality":{"good":true,"frontal":true,"good_illumination":true},"":"not_defined"}}],"file_attributes":{"caption":"","public_domain":"no","image_url":""}},"TT-47.jpg24911":{"filename":"TT-47.jpg","size":24911,"regions":[{"shape_attributes":{"name":"polygon","all_points_x":[3,2,104,332,209,127],"all_points_y":[164,177,202,188,172,161]},"region_attributes":{"type":"1","image_quality":{"good":true,"frontal":true,"good_illumination":true},"":"not_defined"}}],"file_attributes":{"caption":"","public_domain":"no","image_url":""}},"TT-48.jpg76872":{"filename":"TT-48.jpg","size":76872,"regions":[{"shape_attributes":{"name":"polygon","all_points_x":[188,690,875,413],"all_points_y":[351,466,381,320]},"region_attributes":{"type":"1","image_quality":{"good":true,"frontal":true,"good_illumination":true},"":"not_defined"}}],"file_attributes":{"caption":"","public_domain":"no","image_url":""}},"TT-49.jpg118615":{"filename":"TT-49.jpg","size":118615,"regions":[{"shape_attributes":{"name":"polygon","all_points_x":[23,157,630,630,529],"all_points_y":[478,601,486,425,406]},"region_attributes":{"type":"1","image_quality":{"good":true,"frontal":true,"good_illumination":true},"":"not_defined"}}],"file_attributes":{"caption":"","public_domain":"no","image_url":""}},"TT-50.jpeg57967":{"filename":"TT-50.jpeg","size":57967,"regions":[{"shape_attributes":{"name":"polygon","all_points_x":[2,249,618,564,356,69,1],"all_points_y":[416,397,476,486,487,486,424]},"region_attributes":{"type":"1","image_quality":{"good":true,"frontal":true,"good_illumination":true},"":"not_defined"}}],"file_attributes":{"caption":"","public_domain":"no","image_url":""}},"TT-51.jpg24431":{"filename":"TT-51.jpg","size":24431,"regions":[{"shape_attributes":{"name":"polygon","all_points_x":[24,262,397,164],"all_points_y":[179,282,212,164]},"region_attributes":{"type":"1","image_quality":{"good":true,"frontal":true,"good_illumination":true},"":"not_defined"}}],"file_attributes":{"caption":"","public_domain":"no","image_url":""}},"TT-52.png1118749":{"filename":"TT-52.png","size":1118749,"regions":[{"shape_attributes":{"name":"polygon","all_points_x":[64,197,547,549,328],"all_points_y":[598,620,620,414,395]},"region_attributes":{"type":"1","image_quality":{"good":true,"frontal":true,"good_illumination":true},"":"not_defined"}}],"file_attributes":{"caption":"","public_domain":"no","image_url":""}},"TT-53.jpg1686048":{"filename":"TT-53.jpg","size":1686048,"regions":[{"shape_attributes":{"name":"polygon","all_points_x":[897,1844,2925,3320,1706],"all_points_y":[1173,1646,1650,1459,1074]},"region_attributes":{"type":"1","image_quality":{"good":true,"frontal":true,"good_illumination":true},"":"not_defined"}}],"file_attributes":{"caption":"","public_domain":"no","image_url":""}},"TT-54.jpg43379":{"filename":"TT-54.jpg","size":43379,"regions":[{"shape_attributes":{"name":"polygon","all_points_x":[57,118,477,241],"all_points_y":[216,330,280,204]},"region_attributes":{"type":"1","image_quality":{"good":true,"frontal":true,"good_illumination":true},"":"not_defined"}},{"shape_attributes":{"name":"polygon","all_points_x":[498,499,482,344],"all_points_y":[237,195,191,200]},"region_attributes":{"type":"1","image_quality":{"good":true,"frontal":true,"good_illumination":true},"":"not_defined"}}],"file_attributes":{"caption":"","public_domain":"no","image_url":""}},"TT-55.jpg81133":{"filename":"TT-55.jpg","size":81133,"regions":[{"shape_attributes":{"name":"polygon","all_points_x":[209,710,779,1063,1063,635],"all_points_y":[494,656,655,612,531,457]},"region_attributes":{"type":"1","image_quality":{"good":true,"frontal":true,"good_illumination":true},"":"not_defined"}}],"file_attributes":{"caption":"","public_domain":"no","image_url":""}},"TT-56.jpg149910":{"filename":"TT-56.jpg","size":149910,"regions":[{"shape_attributes":{"name":"polygon","all_points_x":[166,288,575,418],"all_points_y":[296,411,279,245]},"region_attributes":{"type":"1","image_quality":{"good":true,"frontal":true,"good_illumination":true},"":"not_defined"}},{"shape_attributes":{"name":"polygon","all_points_x":[356,295,105,128],"all_points_y":[236,222,240,267]},"region_attributes":{"type":"1","image_quality":{"good":true,"frontal":true,"good_illumination":true},"":"not_defined"}},{"shape_attributes":{"name":"polygon","all_points_x":[507,654,660,547],"all_points_y":[210,222,215,206]},"region_attributes":{"type":"1","image_quality":{"good":true,"frontal":true,"good_illumination":true},"":"not_defined"}}],"file_attributes":{"caption":"","public_domain":"no","image_url":""}},"TT-57.jpg24431":{"filename":"TT-57.jpg","size":24431,"regions":[{"shape_attributes":{"name":"polygon","all_points_x":[24,261,396,161],"all_points_y":[179,282,210,163]},"region_attributes":{"type":"1","image_quality":{"good":true,"frontal":true,"good_illumination":true},"":"not_defined"}}],"file_attributes":{"caption":"","public_domain":"no","image_url":""}},"TT-59.png277246":{"filename":"TT-59.png","size":277246,"regions":[{"shape_attributes":{"name":"polygon","all_points_x":[217,697,852,423],"all_points_y":[382,462,396,354]},"region_attributes":{"type":"1","image_quality":{"good":true,"frontal":true,"good_illumination":true},"":"not_defined"}}],"file_attributes":{"caption":"","public_domain":"no","image_url":""}},"TT-60.jpg105065":{"filename":"TT-60.jpg","size":105065,"regions":[{"shape_attributes":{"name":"polygon","all_points_x":[184,618,844,583],"all_points_y":[512,615,435,419]},"region_attributes":{"type":"table","image_quality":{"good":true,"frontal":true,"good_illumination":true},"":"not_defined"}}],"file_attributes":{"caption":"","public_domain":"no","image_url":""}},"TT-61.jpg69222":{"filename":"TT-61.jpg","size":69222,"regions":[{"shape_attributes":{"name":"polygon","all_points_x":[230,261,654,506],"all_points_y":[332,391,337,310]},"region_attributes":{"type":"1","image_quality":{"good":true,"frontal":true,"good_illumination":true},"":"not_defined"}}],"file_attributes":{"caption":"","public_domain":"no","image_url":""}},"TT-62.jpeg38535":{"filename":"TT-62.jpeg","size":38535,"regions":[{"shape_attributes":{"name":"polygon","all_points_x":[119,560,413,273],"all_points_y":[255,258,181,181]},"region_attributes":{"type":"1","image_quality":{"good":true,"frontal":true,"good_illumination":true},"":"not_defined"}}],"file_attributes":{"caption":"","public_domain":"no","image_url":""}},"TT-63.jpg59388":{"filename":"TT-63.jpg","size":59388,"regions":[{"shape_attributes":{"name":"polygon","all_points_x":[35,695,477,255],"all_points_y":[450,450,296,295]},"region_attributes":{"type":"1","image_quality":{"good":true,"frontal":true,"good_illumination":true},"":"not_defined"}}],"file_attributes":{"caption":"","public_domain":"no","image_url":""}},"TT-64.jpg1445694":{"filename":"TT-64.jpg","size":1445694,"regions":[{"shape_attributes":{"name":"polygon","all_points_x":[16,4,0,1881,2696,909],"all_points_y":[929,929,991,1669,1074,748]},"region_attributes":{"type":"1","image_quality":{"good":true,"frontal":true,"good_illumination":true},"":"not_defined"}},{"shape_attributes":{"name":"polygon","all_points_x":[2727,1352,1787,2994],"all_points_y":[780,615,533,631]},"region_attributes":{"type":"1","image_quality":{"good":true,"frontal":true,"good_illumination":true},"":"not_defined"}}],"file_attributes":{"caption":"","public_domain":"no","image_url":""}},"TT-65.jpg72597":{"filename":"TT-65.jpg","size":72597,"regions":[{"shape_attributes":{"name":"polygon","all_points_x":[6,2,1,101,154,638,638,408],"all_points_y":[258,259,338,468,467,233,227,183]},"region_attributes":{"type":"1","image_quality":{"good":true,"frontal":true,"good_illumination":true},"":"not_defined"}}],"file_attributes":{"caption":"","public_domain":"no","image_url":""}},"TT-66.png1548475":{"filename":"TT-66.png","size":1548475,"regions":[{"shape_attributes":{"name":"polygon","all_points_x":[224,738,555,406,361,229],"all_points_y":[387,391,300,300,325,386]},"region_attributes":{"type":"1","image_quality":{"good":true,"frontal":true,"good_illumination":true},"":"not_defined"}}],"file_attributes":{"caption":"","public_domain":"no","image_url":""}},"TT-67.jpg244143":{"filename":"TT-67.jpg","size":244143,"regions":[{"shape_attributes":{"name":"polygon","all_points_x":[370,303,370,1390,687],"all_points_y":[472,994,999,751,451]},"region_attributes":{"type":"1","image_quality":{"good":true,"frontal":true,"good_illumination":true},"":"not_defined"}}],"file_attributes":{"caption":"","public_domain":"no","image_url":""}},"TT-68.jpg103167":{"filename":"TT-68.jpg","size":103167,"regions":[{"shape_attributes":{"name":"polygon","all_points_x":[445,742,1265,959],"all_points_y":[632,814,587,550]},"region_attributes":{"type":"1","image_quality":{"good":true,"frontal":true,"good_illumination":true},"":"not_defined"}}],"file_attributes":{"caption":"","public_domain":"no","image_url":""}},"TT-69.jpg1003464":{"filename":"TT-69.jpg","size":1003464,"regions":[{"shape_attributes":{"name":"polygon","all_points_x":[305,910,1387,785,447],"all_points_y":[1276,1276,1106,778,799]},"region_attributes":{"type":"1","image_quality":{"good":true,"frontal":true,"good_illumination":true},"":"not_defined"}}],"file_attributes":{"caption":"","public_domain":"no","image_url":""}},"TT-70.jpg40586":{"filename":"TT-70.jpg","size":40586,"regions":[{"shape_attributes":{"name":"polygon","all_points_x":[32,-1,1,599,600,490],"all_points_y":[519,557,647,603,564,495]},"region_attributes":{"type":"1","image_quality":{"good":true,"frontal":true,"good_illumination":true},"":"not_defined"}}],"file_attributes":{"caption":"","public_domain":"no","image_url":""}},"TT-71.jpg118615":{"filename":"TT-71.jpg","size":118615,"regions":[{"shape_attributes":{"name":"polygon","all_points_x":[20,157,630,632,525],"all_points_y":[476,601,485,428,406]},"region_attributes":{"type":"1","image_quality":{"good":true,"frontal":true,"good_illumination":true},"":"not_defined"}}],"file_attributes":{"caption":"","public_domain":"no","image_url":""}},"TT-72.jpg227941":{"filename":"TT-72.jpg","size":227941,"regions":[{"shape_attributes":{"name":"polygon","all_points_x":[251,974,1626,786],"all_points_y":[251,415,319,214]},"region_attributes":{"type":"1","image_quality":{"good":true,"frontal":true,"good_illumination":true},"":"not_defined"}}],"file_attributes":{"caption":"","public_domain":"no","image_url":""}},"TT-73.jpg184542":{"filename":"TT-73.jpg","size":184542,"regions":[{"shape_attributes":{"name":"polygon","all_points_x":[3,2,475,1209,768],"all_points_y":[485,497,636,424,370]},"region_attributes":{"type":"1","image_quality":{"good":true,"frontal":true,"good_illumination":true},"":"not_defined"}},{"shape_attributes":{"name":"polygon","all_points_x":[1132,1007,716,709,774],"all_points_y":[280,294,273,262,258]},"region_attributes":{"type":"1","image_quality":{"good":true,"frontal":true,"good_illumination":true},"":"not_defined"}}],"file_attributes":{"caption":"","public_domain":"no","image_url":""}},"TT-74.jpg185134":{"filename":"TT-74.jpg","size":185134,"regions":[{"shape_attributes":{"name":"polygon","all_points_x":[2,264,554,557,361],"all_points_y":[140,193,144,135,125]},"region_attributes":{"type":"1","image_quality":{"good":true,"frontal":true,"good_illumination":true},"":"not_defined"}}],"file_attributes":{"caption":"","public_domain":"no","image_url":""}},"TT-75.jpg113772":{"filename":"TT-75.jpg","size":113772,"regions":[{"shape_attributes":{"name":"polygon","all_points_x":[40,653,753,244],"all_points_y":[165,234,153,114]},"region_attributes":{"type":"1","image_quality":{"good":true,"frontal":true,"good_illumination":true},"":"not_defined"}}],"file_attributes":{"caption":"","public_domain":"no","image_url":""}},"TT-76.jpg291657":{"filename":"TT-76.jpg","size":291657,"regions":[{"shape_attributes":{"name":"polygon","all_points_x":[426,1317,1017,204],"all_points_y":[171,91,59,100]},"region_attributes":{"type":"1","image_quality":{"good":true,"frontal":true,"good_illumination":true},"":"not_defined"}}],"file_attributes":{"caption":"","public_domain":"no","image_url":""}},"TT-77.jpg12652":{"filename":"TT-77.jpg","size":12652,"regions":[{"shape_attributes":{"name":"polygon","all_points_x":[14,148,393,259],"all_points_y":[101,146,79,63]},"region_attributes":{"type":"table","image_quality":{"good":true,"frontal":true,"good_illumination":true},"":"not_defined"}}],"file_attributes":{"caption":"","public_domain":"no","image_url":""}},"TT-79.jpg220799":{"filename":"TT-79.jpg","size":220799,"regions":[{"shape_attributes":{"name":"polygon","all_points_x":[5,1,1,374,623,624,397],"all_points_y":[170,173,220,357,137,86,67]},"region_attributes":{"type":"1","image_quality":{"good":true,"frontal":true,"good_illumination":true},"":"not_defined"}}],"file_attributes":{"caption":"","public_domain":"no","image_url":""}},"TT-80.jpg67301":{"filename":"TT-80.jpg","size":67301,"regions":[{"shape_attributes":{"name":"polygon","all_points_x":[135,615,925,612],"all_points_y":[338,517,250,204]},"region_attributes":{"type":"1","image_quality":{"good":true,"frontal":true,"good_illumination":true},"":"not_defined"}}],"file_attributes":{"caption":"","public_domain":"no","image_url":""}},"TT-81.jpg29084":{"filename":"TT-81.jpg","size":29084,"regions":[{"shape_attributes":{"name":"polygon","all_points_x":[26,351,564,350],"all_points_y":[173,237,115,100]},"region_attributes":{"type":"1","image_quality":{"good":true,"frontal":true,"good_illumination":true},"":"not_defined"}}],"file_attributes":{"caption":"","public_domain":"no","image_url":""}},"TT-82.jpg652246":{"filename":"TT-82.jpg","size":652246,"regions":[{"shape_attributes":{"name":"polygon","all_points_x":[29,1754,2297,2297,892],"all_points_y":[332,801,599,427,233]},"region_attributes":{"type":"1","image_quality":{"good":true,"frontal":true,"good_illumination":true},"":"not_defined"}}],"file_attributes":{"caption":"","public_domain":"no","image_url":""}},"TT-83.jpg2766937":{"filename":"TT-83.jpg","size":2766937,"regions":[{"shape_attributes":{"name":"polygon","all_points_x":[105,2887,4093,1492],"all_points_y":[597,1540,807,382]},"region_attributes":{"type":"1","image_quality":{"good":true,"frontal":true,"good_illumination":true},"":"not_defined"}}],"file_attributes":{"caption":"","public_domain":"no","image_url":""}},"TT-84.jpg162467":{"filename":"TT-84.jpg","size":162467,"regions":[{"shape_attributes":{"name":"polygon","all_points_x":[6,823,1196,1199,454,4],"all_points_y":[455,353,471,500,709,710]},"region_attributes":{"type":"1","image_quality":{"good":true,"frontal":true,"good_illumination":true},"":"not_defined"}}],"file_attributes":{"caption":"","public_domain":"no","image_url":""}},"TT-85.jpg265707":{"filename":"TT-85.jpg","size":265707,"regions":[{"shape_attributes":{"name":"polygon","all_points_x":[62,117,1202,839],"all_points_y":[466,645,488,404]},"region_attributes":{"type":"1","image_quality":{"good":true,"frontal":true,"good_illumination":true},"":"not_defined"}}],"file_attributes":{"caption":"","public_domain":"no","image_url":""}},"TT-86.jpg18541":{"filename":"TT-86.jpg","size":18541,"regions":[{"shape_attributes":{"name":"polygon","all_points_x":[17,362,800,515],"all_points_y":[311,494,253,192]},"region_attributes":{"type":"1","image_quality":{"good":true,"frontal":true,"good_illumination":true},"":"not_defined"}}],"file_attributes":{"caption":"","public_domain":"no","image_url":""}},"TT-87.jpg26679":{"filename":"TT-87.jpg","size":26679,"regions":[{"shape_attributes":{"name":"polygon","all_points_x":[36,326,445,172],"all_points_y":[107,211,134,72]},"region_attributes":{"type":"1","image_quality":{"good":true,"frontal":true,"good_illumination":true},"":"not_defined"}}],"file_attributes":{"caption":"","public_domain":"no","image_url":""}},"TT-89.jpg21070":{"filename":"TT-89.jpg","size":21070,"regions":[{"shape_attributes":{"name":"polygon","all_points_x":[7,329,602,344,6,5],"all_points_y":[135,153,95,85,131,133]},"region_attributes":{"type":"1","image_quality":{"good":true,"frontal":true,"good_illumination":true},"":"not_defined"}}],"file_attributes":{"caption":"","public_domain":"no","image_url":""}},"TT-90.jpg49824":{"filename":"TT-90.jpg","size":49824,"regions":[{"shape_attributes":{"name":"polygon","all_points_x":[8,269,623,337,221],"all_points_y":[194,132,360,504,504]},"region_attributes":{"type":"1","image_quality":{"good":true,"frontal":true,"good_illumination":true},"":"not_defined"}}],"file_attributes":{"caption":"","public_domain":"no","image_url":""}},"TT-91.jpg30837":{"filename":"TT-91.jpg","size":30837,"regions":[{"shape_attributes":{"name":"polygon","all_points_x":[289,448,448,449,225,1,2],"all_points_y":[410,203,182,89,77,172,327]},"region_attributes":{"type":"1","image_quality":{"good":true,"frontal":true,"good_illumination":true},"":"not_defined"}}],"file_attributes":{"caption":"","public_domain":"no","image_url":""}},"TT-92.jpg127241":{"filename":"TT-92.jpg","size":127241,"regions":[{"shape_attributes":{"name":"polygon","all_points_x":[81,397,426,801,796,371,86],"all_points_y":[296,436,440,347,340,259,291]},"region_attributes":{"type":"1","image_quality":{"good":true,"frontal":true,"good_illumination":true},"":"not_defined"}}],"file_attributes":{"caption":"","public_domain":"no","image_url":""}},"TT-93.jpg59388":{"filename":"TT-93.jpg","size":59388,"regions":[{"shape_attributes":{"name":"polygon","all_points_x":[35,697,478,255],"all_points_y":[451,451,296,296]},"region_attributes":{"type":"1","image_quality":{"good":true,"frontal":true,"good_illumination":true},"":"not_defined"}}],"file_attributes":{"caption":"","public_domain":"no","image_url":""}},"TT-94.jpg265701":{"filename":"TT-94.jpg","size":265701,"regions":[{"shape_attributes":{"name":"polygon","all_points_x":[13,400,619,389],"all_points_y":[218,274,132,134]},"region_attributes":{"type":"1","image_quality":{"good":true,"frontal":true,"good_illumination":true},"":"not_defined"}}],"file_attributes":{"caption":"","public_domain":"no","image_url":""}},"TT-96.jpg130590":{"filename":"TT-96.jpg","size":130590,"regions":[{"shape_attributes":{"name":"polygon","all_points_x":[127,869,1266,505,177,159,129],"all_points_y":[199,390,264,146,177,197,199]},"region_attributes":{"type":"1","image_quality":{"good":true,"frontal":true,"good_illumination":true},"":"not_defined"}}],"file_attributes":{"caption":"","public_domain":"no","image_url":""}},"TT-97.jpg104080":{"filename":"TT-97.jpg","size":104080,"regions":[{"shape_attributes":{"name":"polygon","all_points_x":[57,356,1579,1057],"all_points_y":[352,538,297,244]},"region_attributes":{"type":"1","image_quality":{"good":true,"frontal":true,"good_illumination":true},"":"not_defined"}}],"file_attributes":{"caption":"","public_domain":"no","image_url":""}},"TT-98.jpg35057":{"filename":"TT-98.jpg","size":35057,"regions":[{"shape_attributes":{"name":"polygon","all_points_x":[28,338,774,490],"all_points_y":[317,380,264,228]},"region_attributes":{"type":"1","image_quality":{"good":true,"frontal":true,"good_illumination":true},"":"not_defined"}}],"file_attributes":{"caption":"","public_domain":"no","image_url":""}},"TT-99.jpg44309":{"filename":"TT-99.jpg","size":44309,"regions":[{"shape_attributes":{"name":"polygon","all_points_x":[65,350,746,485,65],"all_points_y":[219,269,166,138,217]},"region_attributes":{"type":"table","image_quality":{"good":true,"frontal":true,"good_illumination":true},"":"not_defined"}}],"file_attributes":{"caption":"","public_domain":"no","image_url":""}},"TT-100.jpg363684":{"filename":"TT-100.jpg","size":363684,"regions":[{"shape_attributes":{"name":"polygon","all_points_x":[255,902,1689,1147],"all_points_y":[220,326,169,139]},"region_attributes":{"type":"1","image_quality":{"good":true,"frontal":true,"good_illumination":true},"":"not_defined"}}],"file_attributes":{"caption":"","public_domain":"no","image_url":""}},"TT-101.jpg97872":{"filename":"TT-101.jpg","size":97872,"regions":[{"shape_attributes":{"name":"polygon","all_points_x":[7,1,1,578,877,879,297],"all_points_y":[113,115,310,382,199,86,39]},"region_attributes":{"type":"1","image_quality":{"good":true,"frontal":true,"good_illumination":true},"":"not_defined"}}],"file_attributes":{"caption":"","public_domain":"no","image_url":""}},"TT-103.jpg23386":{"filename":"TT-103.jpg","size":23386,"regions":[],"file_attributes":{"caption":"","public_domain":"no","image_url":""}},"TT-105.jpg50828":{"filename":"TT-105.jpg","size":50828,"regions":[],"file_attributes":{"caption":"","public_domain":"no","image_url":""}},"TT-106.jpg5156":{"filename":"TT-106.jpg","size":5156,"regions":[],"file_attributes":{"caption":"","public_domain":"no","image_url":""}},"TT-107.jpg284084":{"filename":"TT-107.jpg","size":284084,"regions":[{"shape_attributes":{"name":"polygon","all_points_x":[979,898,2176,2088],"all_points_y":[663,1088,1092,663]},"region_attributes":{"type":"1","image_quality":{"good":true,"frontal":true,"good_illumination":true},"":"not_defined"}}],"file_attributes":{"caption":"","public_domain":"no","image_url":""}},"TT-108.jpg11325":{"filename":"TT-108.jpg","size":11325,"regions":[{"shape_attributes":{"name":"polygon","all_points_x":[7,284,242,47],"all_points_y":[86,87,62,61]},"region_attributes":{"type":"1","image_quality":{"good":true,"frontal":true,"good_illumination":true},"":"not_defined"}}],"file_attributes":{"caption":"","public_domain":"no","image_url":""}},"TT-109.png176780":{"filename":"TT-109.png","size":176780,"regions":[{"shape_attributes":{"name":"polygon","all_points_x":[227,173,328,370],"all_points_y":[111,195,206,119]},"region_attributes":{"type":"1","image_quality":{"good":true,"frontal":true,"good_illumination":true},"":"not_defined"}}],"file_attributes":{"caption":"","public_domain":"no","image_url":""}},"TT-110.jpg248310":{"filename":"TT-110.jpg","size":248310,"regions":[{"shape_attributes":{"name":"polygon","all_points_x":[710,383,1669,1334],"all_points_y":[366,766,762,366]},"region_attributes":{"type":"1","image_quality":{"good":true,"frontal":true,"good_illumination":true},"":"not_defined"}}],"file_attributes":{"caption":"","public_domain":"no","image_url":""}}}